{
    "precision": 0.0645879732739421,
    "recall": 0.08734939759036145,
    "f1_score": 0.07426376440460948,
    "iou_score": 0.602460820360564,
    "total_tp": 29,
    "total_fp": 420,
    "total_fn": 303
}