{
    "precision": 0.7371134020618557,
    "recall": 0.4307228915662651,
    "f1_score": 0.5437262357414449,
    "iou_score": 0.6909673319411432,
    "total_tp": 143,
    "total_fp": 51,
    "total_fn": 189
}