{
    "model": "yolo",
    "training_time": 103.06567072868347,
    "final_metrics": {
        "precision": 0.01361111111111111,
        "recall": 0.7379518072289156,
        "mAP50": 0.127198936486673,
        "mAP50-95": 0.02797703636763741,
        "fitness": 0.03789922637954097
    },
    "training_config": {
        "epochs": 3,
        "batch_size": 4,
        "image_size": 416,
        "device": "cpu"
    }
}