{
  "train_loss": [
    0.4546093933961608,
    0.1869611293077469,
    0.1316227770664475,
    0.09479748220606284,
    0.07945515774190426,
    0.07600263150578196,
    0.059569516303864395,
    0.052661316469311714,
    0.04731735163791613,
    0.04389936663210392,
    0.03987569497390227,
    0.03693382374264977,
    0.03658357575874437,
    0.03468495429578153,
    0.03547021323306994,
    0.034878260202028534,
    0.032985866239125076,
    0.03342298875478181,
    0.03224121601405469,
    0.03229403063993563
  ],
  "val_loss": [
    0.7278971952106391,
    0.1840970866980667,
    0.1290177946590203,
    0.13931050622044583,
    0.105442044409361,
    0.07470419997984168,
    0.0763081633125755,
    0.0882683898985902,
    0.1291662289000472,
    0.05775777340066812,
    0.05387307552542803,
    0.05294348045998343,
    0.05024699693262025,
    0.05141777521065111,
    0.048970487650842165,
    0.049769735341875065,
    0.05183633099881657,
    0.04797626056458221,
    0.04785653298896747,
    0.04943401743008269
  ],
  "learning_rates": [
    0.001,
    0.001,
    0.001,
    0.001,
    0.001,
    0.001,
    0.001,
    0.001,
    0.001,
    0.0001,
    0.0001,
    0.0001,
    0.0001,
    0.0001,
    0.0001,
    0.0001,
    0.0001,
    0.0001,
    0.0001,
    0.0001
  ]
}