{
    "experiment_name": "pcb_defect_demo",
    "device": "cpu",
    "yolo": {
        "model": "yolo",
        "training_time": 103.06567072868347,
        "final_metrics": {
            "precision": 0.01361111111111111,
            "recall": 0.7379518072289156,
            "mAP50": 0.127198936486673,
            "mAP50-95": 0.02797703636763741,
            "fitness": 0.03789922637954097
        },
        "training_config": {
            "epochs": 3,
            "batch_size": 4,
            "image_size": 416,
            "device": "cpu"
        }
    },
    "unet": {
        "model": "unet",
        "training_time": 634.173602104187,
        "metrics_history": [
            {
                "epoch": 1,
                "train_loss": 0.7377890985120427,
                "val_loss": 0.7051098942756653,
                "learning_rate": 0.001,
                "batch_time": 3.472857188094746,
                "metrics": {
                    "iou": 0.005791346232074262,
                    "precision": 0.0057913462320963545,
                    "recall": 1.0,
                    "f1": 0.011459212195636328,
                    "accuracy": 0.0057913462320963545
                }
            },
            {
                "epoch": 2,
                "train_loss": 0.6994218623096292,
                "val_loss": 0.6972134153048197,
                "learning_rate": 0.001,
                "batch_time": 3.653586588122628,
                "metrics": {
                    "iou": 0.005791346232074262,
                    "precision": 0.0057913462320963545,
                    "recall": 1.0,
                    "f1": 0.011459212195636328,
                    "accuracy": 0.0057913462320963545
                }
            },
            {
                "epoch": 3,
                "train_loss": 0.6961098922924562,
                "val_loss": 0.6954184571901957,
                "learning_rate": 0.001,
                "batch_time": 3.6117105213078586,
                "metrics": {
                    "iou": 0.005791346232074262,
                    "precision": 0.0057913462320963545,
                    "recall": 1.0,
                    "f1": 0.011459212195636328,
                    "accuracy": 0.0057913462320963545
                }
            }
        ]
    }
}