{
    "precision": 0.3063063063063063,
    "recall": 0.3072289156626506,
    "f1_score": 0.306766917293233,
    "iou_score": 0.6134554464139577,
    "total_tp": 102,
    "total_fp": 231,
    "total_fn": 230
}