{
    "precision": 0.6711409395973155,
    "recall": 0.30120481927710846,
    "f1_score": 0.4158004158004158,
    "iou_score": 0.6557689768684294,
    "total_tp": 100,
    "total_fp": 49,
    "total_fn": 232
}